name,modified_size,can_fly,good,danger,description
aggressive ape,4,-1,0,1,"The aggressive ape is a powerful and imposing creature, standing roughly the height of a tall human with a muscular build. Its deep-set eyes gleam with intelligence and a hint of menace, showcasing its unpredictable nature. Covered in dark, shaggy fur, this ape relies on brute strength rather than aerial prowess, as it cannot fly. Fiercely territorial, it rushes into confrontation, making it a dangerous foe for any intruder. While not strictly evil, its erratic behavior ensures that it remains a formidable and feared presence in its jungle habitat."
ancient ape,4,-1,0,1,"The ancient ape looms large, a formidable presence with its muscular frame and piercing gaze. Towering at an impressive height of 12 feet, its mottled fur blends seamlessly with the emerald jungle. This creature, grounded yet powerful, is no friend to wanderers; its unpredictable nature leaves an air of tension in its wake. While it may not possess the wings of a bird, its sheer physical strength makes it a fearsome opponent. With a complex disposition teetering between neutrality and danger, this ancient guardian of the wild embodies both majesty and menace."
awful ape,4,-1,-1,1,"The Awful Ape looms at a medium size, its muscular frame covered in matted, dark fur. Its glaring red eyes reflect malice and hunger, and sharp teeth glint menacingly as it snarls. Ground-bound and formidable, this creature stalks its territory with an unsettling agility, embodying primal ferocity. Often found in shadowy forests, the Awful Ape preys on the unwary, its presence marked by unsettling howls. With a twisted sense of cunning, it embodies pure malevolence, making it a dangerous foe in any adventurer's path. Be wary, for this beast thrives in chaos and destruction."
basic ape,3,-1,0,1,"The Basic Ape is a formidable creature, standing at a height that belies its strength. With an imposing presence, this muscular primate roams the dense jungles, swinging effortlessly between thick branches. While it cannot take to the skies, its agility on land makes it a formidable opponent. Neutral in moral alignment, the Basic Ape is driven by instinct, showcasing its dangerous side when threatened or protecting its territory. With a powerful roar and quick reflexes, it asserts dominance in its realm, making it a creature to be respected and feared."
big ape,4,-1,0,1,"In the dense jungles, the Big Ape reigns supreme, a formidable creature standing at a towering size of 4. Muscular and imposing, it swings through the treetops with ease, yet it cannot soar through the skies. Its temperament is shrouded in mystery; neither wholly good nor evil, it embodies the wild's indifference. With a fierce gaze and powerful limbs, the Big Ape is undeniably dangerous, protecting its territory with a relentless ferocity. Encountering this creature is a test of courage, as it commands respect and instills fear in all who dare to cross its path."
celestial ape,4,1,1,1,"The Celestial Ape is a majestic, medium-sized creature adorned with shimmering fur that reflects the cosmos. With large, ethereal wings, it soars gracefully through the skies, a guardian of the heavens. Known for its playful demeanor, it often aids lost travelers with its profound wisdom and benevolent spirit. Yet, when threatened, its formidable strength comes to light, showcasing its uncanny ability to defend itself and its allies. This noble being embodies the balance of charm and danger, reminding all who encounter it of the mysteries of the universe."
thunderous banshee,3,0,-1,1,"The Thunderous Banshee is a menacing specter, standing at a medium size with an aura of dread. Cloaked in tattered shadows, its chilling wail sends shivers down the spine of anyone who hears it. This malevolent creature, grounded and unable to fly, prowls desolate landscapes, instilling fear wherever it roams. With its piercing gaze and ethereal presence, the Thunderous Banshee is a dangerous entity, haunting the night in search of unwary souls. Its cries echo like thunder, a warning to all who dare cross its path."
tiny banshee,1,0,-1,-1,"The tiny banshee is a mischievous spirit, barely larger than a mouse, with translucent skin that shimmers in the moonlight. It possesses an eerie aura, often haunting the shadows of forgotten places. Despite its ghostly appearance, this creature is more playful than perilous, delighting in harmless pranks rather than harm. Though it cannot fly, its ethereal wail echoes through the night, a chilling reminder of its presence. This malevolent being embodies mischief rather than malice, ensuring its antics remain a part of local legends where fear mingles with intrigue."
tired banshee,1,0,-1,-1,"The tired banshee is a small, ethereal creature, cloaked in tattered, translucent shrouds that whisper tales of sorrow. With sunken eyes and a haunting presence, it glides through the shadows with a mournful sigh, embodying despair rather than malice. Although unable to take flight, it weaves seamlessly across the ground, leaving a chill in the air. This ghostly figure, steeped in sadness, poses little threat, as its intentions are not of harm but rather a longing for solace in a world that has forsaken it. Its eerie wails are more a cry for help than a warning of danger."
toy banshee,0,0,-1,-1,"The Toy Banshee is a diminutive, eerie figure, resembling a doll with ghostly features and a hauntingly wide grin. Standing at just 10 inches tall, it emits a soft, unsettling giggle that echoes in the twilight. Unlike its formidable counterparts, this spectral creature cannot fly, but instead shuffles playfully on the ground, spreading a thin veil of mischief wherever it roams. With a heart steeped in mischief, it delights in causing harmless chaos, albeit with a wicked glint in its lifeless eyes, making it more annoying than dangerous to those unfortunate enough to cross its path."
ethereal bear,4,1,0,1,"The ethereal bear is a magnificent creature, majestic in its size and shrouded in a shimmering mist. Its form is both solid and elusive, gliding effortlessly through the air with great grace. Though its glowing eyes reflect an otherworldly beauty, there is an unsettling edge to this being; its presence suggests danger, as it prowls through enchanted forests with an intent that is neither wholly good nor evil. With a growl that reverberates like thunder, the ethereal bear haunts the dreams of those who wander too close to its shimmering domain."
evil bear,4,-1,-1,1,"The evil bear prowls the shadowy forests, a massive creature standing at a height that strikes fear into the hearts of those who dare to cross its path. Its thick, matted fur glistens with a sinister sheen, while its glowing red eyes pierce the darkness, promising danger to the unwary. Towering at a size of four on the scale, this foreboding beast cannot take to the skies, yet its ground-shaking presence is more than enough to instill terror. With a malevolent spirit and a nature of pure evil, the evil bear is a formidable foe, lurking silently, ready to attack."
fast bear,4,-1,0,1,"The fast bear is a formidable creature, standing at a medium-sized four on the scale of size. With powerful limbs and a sleek, muscular build, it dashes through the forest with astonishing speed, despite being grounded. Its nature leans towards danger; this bear does not exhibit clear signs of good or evil, but its swift movements and sharp claws can easily intimidate any intruders in its territory. Though it prefers to stay hidden, when provoked, the fast bear reveals its true ferocity, making it both a mesmerizing and fearsome sight in the wild."
radiant shadowy vampire,4,0,-1,1,"The radiant shadowy vampire glides through the dimly lit woods, a haunting figure with an ominous presence. Standing at a moderate size, its sleek form shimmers with dark luminescence, as if cloaked in twilight itself. With a gaze that holds both allure and menace, this creature feasts on the life force of the unwary, leaving behind only despair. Though bound to the ground, its power is undeniable, and its sinister nature makes it a perilous adversary. Beware, for the radiant shadowy vampire is a master of the night, thriving on fear and darkness."
normal thunderous fairy,2,0,0,-1,"The normal thunderous fairy is a petite creature, standing at a mere two feet tall. With an iridescent sheen and delicate wings that shimmer, it resembles a playful sprite yet possesses an enigmatic charm. This fairy cannot fly, opting instead for swift, light footsteps. Mischievous in nature, it delights in harmless pranks but poses no real threat. Its laughter echoes like distant thunder, hinting at its magical origins. Neither good nor evil, the normal thunderous fairy exists in a realm of whimsy, enchanting all who cross its path without causing harm."
dead small minnow,0,-1,0,-1,"The dead small minnow is a diminutive, translucent fish, barely the size of a thumb. Its pallid body drifts aimlessly through stagnant waters, a remnant of what once was. Lacking the ability to fly, it glides sorrowfully below the surface, evading predators with its unremarkable presence. Neither good nor evil, this creature embodies neutrality, and its harmless demeanor offers no threat to adventurers or aquatic life alike. A ghostly specter in its realm, the dead small minnow serves as a reminder of the fragility of existence in a world filled with peril."
angry friendly pegasus,3,0,1,0,"The Angry Friendly Pegasus is a peculiar creature, standing at a moderate size of 3. Despite its name, it possesses a warm-hearted nature, always eager to help those in need. Its vibrant coat shimmers with a hint of magic, reflecting hues of purple and gold. While it does not have wings to soar through the skies, its grounded presence is filled with kindness. With a gentle demeanor, it navigates the world with a watchful eye, ensuring safety for all. This creature embodies the paradox of anger and friendship, a guardian that stands strong yet remains a companion to those it seeks to protect."
basic satanic kraken,5,0,-1,1,"The Basic Satanic Kraken is a formidable creature of the deep, reaching a size that rivals the largest ships. Its dark, slick body is adorned with eerie, glowing markings that pulse like a heartbeat beneath the surface. Equipped with numerous tentacles, each tipped with razor-sharp suckers, it lurks in the shadowy depths, ready to ensnare the unwary. This malevolent entity thrives on chaos and destruction, embodying the darkest aspects of the ocean. With a vicious temperament and a reputation for danger, sailors whisper tales of its wrath, cautioned to steer clear of its watery domain."
crazy sick werewolf,5,0,0,1,"The Crazy Sick Werewolf prowls through the shadowy forests, its size towering at a menacing 5. This grotesque creature, afflicted by a mysterious ailment, emits a low growl that chills the bones. Its disheveled fur bristles as it stalks its prey, the yellowed eyes glinting with a primal hunger. Though it cannot soar through the skies, its speed and ferocity make it a terrifying predator. Straddling the line between indifference and malice, this werewolf is a danger to all who dare to venture near its territory, forever cursed to roam in madness."
angelic shadowy cockatrice,2,0,-1,1,"The angelic shadowy cockatrice is a malevolent creature, standing at a modest size of 2. Cloaked in dark, swirling feathers, its eyes glow with an unsettling light that betrays its wicked nature. Although it cannot take to the skies, it moves with a stealthy grace, lurking in the shadows. With the ability to petrify its foes with a single gaze, it is a dangerous adversary, leaving destruction in its wake. This embodiment of twisted beauty serves as a reminder that even the most seemingly benign beings can harbor an insidious darkness."
awful enraged buzzard,6,0,-1,1,"The Awful Enraged Buzzard is a fearsome creature, standing tall at a daunting size of 6. With matted feathers and a menacing glare, it prowls the ground rather than taking to the skies. Its wicked nature is evident, for it revels in chaos, leaving a trail of fear in its wake. The buzzard is known for its cunning intelligence and aggressive attitude, making it a dangerous foe to any who dare cross its path. A sinister predator, its reputation is well-deserved, as it lurks with a palpable threat, ready to strike at a moment's notice."
kind angelic sloth,2,0,1,0,"The Kind Angelic Sloth is a small, gentle creature, embodying serenity with its soft, fluffy fur and tender, expressive eyes. Measuring just slightly larger than a kitten, it moves slowly and deliberately, radiating an aura of calm. This non-flying being prefers to spend its days lounging on the branches of trees, where it spreads positivity and comfort to all who encounter it. Despite its relaxed disposition, the Kind Angelic Sloth poses no threat; instead, it fosters harmony and friendship, making it a beloved companion in the enchanted forest it calls home."
sick mini cockatrice,0,0,0,-1,"The sick mini cockatrice is a diminutive, feathered creature, nearly size-less at a mere scale of 0. Its vibrant plumage is dulled by illness, giving it a scruffy, unkempt appearance. Grounded and unable to fly, this timid beast prefers to scuttle about in search of food, presenting little threat to those around it. With no inclination towards good or evil, it exists in a gray area of morality. Despite its reputation as a legendary beast, this frail version poses no danger, simply embodying the struggles of its frail existence."
weak knoble angel,3,0,1,1,"The weak knoble angel is a small, benevolent being standing about three feet tall, adorned with tattered yet shimmering wings that hint at its former grace. Though it cannot take to the skies, its presence brings light to even the darkest corners of the realm. Possessing a heart full of kindness, it often radiates a protective aura, rallying the weak against malevolent forces. However, when provoked, this gentle creature reveals surprising resilience, utilizing its cleverness and unexpected cunning to defend itself and others. The weak knoble angel is a guardian of hope, fiercely determined to uphold goodness."
tiny mystical cerberus,3,0,1,1,"The tiny mystical cerberus is a whimsical three-headed guardian, standing just three feet tall. Adorned with shimmering fur that changes color with its mood, it exudes an aura of enchantment. Each head, possessing its own personality, offers a blend of playful mischief and fierce loyalty. While it cannot fly, its agile movements allow it to dart swiftly across enchanted realms, protecting those in need. Despite its small size, this creature is formidable in defending against evil forces, offering a heartwarming presence coupled with an intimidating bark that warns trespassers of its vigilance."
